Deathrate/Population(Crude Deathrate),Population,Total_deaths_June 20,Population_density,Area (sq. mi.),Net migration,GDP_per_capita,GNP per Capita,Literacy (%),Total_tests_June20,Total_cases-June20,Climate,Birthrate,Industry,Agriculture,CVD_death_rate,median_age,aged_65_older,aged_70_older,extreme_poverty,diabetes_prevalence,female_smokers,male_smokers,handwashing_facilities,hospital_beds_per_100k,Political_stability,Physical Integrity Rights Index,Disappearance,Extrajudicial Killing,Political Imprisonment,Torture,Freedom of Religion (New),Independence of Judiciary,Inflation,Migration,Control of Corruption: Percentile Rank,Government Effectiveness: Percentile Rank,Political Stability and Absence of Violence/Terrorism: Percentile Rank,Regulatory Quality: Percentile Rank,Rule of Law: Percentile Rank,Voice and Accountability: Percentile Rank
1.407714755,38928341,548,54.422,647500,23.06,1803.987,570,36,13777,27878,1,46.6,0.24,0.38,597.029,18.6,2.581,1.337,0,9.59,0,0,37.746,0.5,0,4,2,0,2,0,0,0,4.873436868,-299999,4.326923,7.692307,0.4761905,10.57692,4.326923,20.68966
1.45944819,2877800,42,104.871,28748,-4.93,11803.431,4320,86.5,9531,1838,3,15.11,0.188,0.232,304.195,38,13.188,8.643,1.1,10.08,7.1,51.2,0,2.89,48.09524,6,2,1,2,1,1,0,1.374891229,-40000,35.09615,57.69231,58.57143,63.46154,39.42308,53.20197
1.881369162,43851043,825,17.348,2381740,-0.39,13913.839,3960,70,6500,11504,1,17.14,0.6,0.101,278.364,29.1,6.211,3.857,0.5,6.73,0.7,30.4,83.741,1.9,9.523809,4,1,1,1,1,0,1,6.800176707,-50002,28.36539,37.01923,18.57143,8.173077,22.11539,21.67488
67.30084773,77265,52,163.755,468,6.6,19000,0,100,3000,855,3,8.71,0,0,109.135,0,0,0,0,7.97,29,37.8,0,0,80.47619,8,2,2,2,2,2,2,0.899930122,0,86.53846,98.55769,97.61905,85.09615,90.86539,83.25123
0.024341066,32866268,8,23.89,1246700,0,5819.495,3330,42,0,166,0,45.11,0.658,0.096,276.045,16.8,2.405,1.362,0,3.94,0,0,26.664,0,22.38095,4,1,1,1,1,1,0,31.13637753,0,11.53846,13.94231,34.76191,12.98077,13.94231,22.6601
0,15002,0,0,102,10.76,8600,0,95,153,3,2,14.17,0.18,0.04,0,0,0,0,0,0,0,0,0,0,79.04762,0,0,0,0,0,0,0,0,0,86.53846,76.44231,94.28571,77.40385,51.44231,0
3.063475206,97928,3,231.845,443,-6.15,21490.943,0,89,72315,26,2,16.93,0.22,0.038,191.511,32.1,6.933,4.631,0,13.17,0,0,0,3.8,0,7,2,2,2,1,2,2,0,0,63.46154,52.88462,70.47619,66.82692,65.38461,69.45813
2.166131583,45195777,979,16.177,2766890,0.61,18933.907,13040,97.1,26929,39557,3,16.73,0.358,0.095,191.032,31.9,11.198,7.441,0.6,5.5,16.2,27.7,0,5,39.52381,5,2,1,2,0,2,1,25.34917599,24002,54.32692,54.80769,46.66667,42.30769,45.67308,66.99507
10.76526525,2963234,319,102.931,29800,-6.47,8787.58,4000,98.6,1798,19157,4,12.07,0.343,0.239,341.01,35.7,11.232,7.571,1.8,7.11,1.5,52.1,94.043,4.2,13.33333,4,2,1,1,0,0,0,2.231565794,-24989,42.78846,51.44231,30.47619,62.5,48.55769,40.39409
2.809883296,106766,3,584.8,193,0,35973.781,0,97,703895,101,2,11.03,0.333,0.004,0,41.2,13.085,7.452,0,11.62,0,0,0,0,79.04762,0,0,0,0,0,0,0,0,1004,87.01923,80.28846,95.71429,77.88461,87.01923,91.62562
0.400001867,25499881,102,3.202,7686850,3.98,44648.71,51360,100,292254,7409,1,12.14,0.262,0.038,107.791,37.9,15.504,10.129,0.5,5.07,13,16.5,0,3.84,65.71429,7,2,2,2,1,2,2,3.701453585,849966,92.78846,92.78846,82.85714,98.07692,92.78846,95.56651
7.639012258,9006400,688,106.749,83870,2,45436.686,45440,98,169790,17185,3,8.74,0.304,0.018,145.183,44.4,19.202,13.748,0.7,6.35,28.4,30.9,0,7.37,70.47619,7,2,2,2,1,2,2,1.55636179,99999,91.34615,90.86539,80.95238,91.34615,97.59615,93.10345
1.370920218,10139175,139,119.309,86600,-4.9,15847.419,4080,97,1500,11329,1,20.74,0.457,0.141,559.812,32.4,6.018,3.871,0,7.11,0.3,42.5,83.241,4.7,11.42857,3,2,1,0,0,0,0,15.95333585,0,21.63461,49.03846,20.95238,37.01923,29.32692,7.881773
2.797217023,393248,11,39.497,13940,-2.2,27717.847,0,95.6,160341,104,2,17.57,0.07,0.03,235.954,34.3,8.996,5.2,0,13.17,3.1,20.4,0,2.9,0,6,2,1,2,1,2,1,0,0,83.17308,71.63461,78.57143,61.05769,57.21154,73.39902
3.349821901,1701583,57,1935.907,665,1.05,43290.705,20240,89.1,99646,20916,1,17.8,0.387,0.005,151.689,32.4,2.372,1.387,0,16.52,5.8,37.6,0,2,9.523809,0,0,0,0,0,0,1,5.704381798,235000,51.44231,59.61538,17.14286,67.78846,66.34615,10.83744
0.842798713,164689383,1388,1265.036,144000,-0.71,3523.984,1470,43.1,2629,105535,2,29.8,0.198,0.199,298.003,27.5,5.098,3.262,14.8,8.38,1,44.7,34.808,0.8,8.095238,2,1,0,1,0,1,0,6.278682233,-2350001,16.82692,21.63461,13.80952,19.23077,28.36539,27.58621
2.435875575,287371,7,664.463,431,-0.31,16978.068,15540,97.4,220045,97,2,12.71,0.16,0.06,170.05,39.8,14.952,9.473,0,13.57,1.9,14.5,88.469,5.8,67.14286,7,2,2,2,1,2,2,4.172068904,2072,88.94231,68.75,81.42857,72.11539,65.86539,84.23645
3.524062734,9449321,333,46.858,207600,2.54,17167.967,5280,99.6,474176,57333,4,11.16,0.316,0.093,443.129,40.3,14.799,9.788,0,5.18,10.5,46.1,0,11,32.85714,4,2,2,0,0,0,0,8.17536314,10000,49.03846,40.38462,58.09524,25.96154,19.23077,11.82266
83.65246959,11589616,9695,375.564,30528,1.23,42658.576,41790,98,1043,60476,3,10.38,0.24,0.01,114.898,41.8,18.571,12.849,0.2,4.29,25.1,31.4,0,5.64,49.04762,8,2,2,2,2,1,2,1.677988141,240000,90.38461,83.65385,59.52381,86.05769,88.46154,94.08867
0.502991542,397621,2,16.426,22966,0,7824.362,4390,94.1,0,22,2,28.84,0.152,0.142,176.957,25,3.853,2.279,0,17.11,0,0,90.083,1.3,32.85714,7,2,2,2,1,2,2,0.095764209,6832,51.92308,30.28846,46.19048,26.44231,20.19231,61.08374
0.090735134,12123198,11,99.11,112620,0,2064.236,800,40.9,3569,650,2,38.85,0.138,0.316,235.848,18.8,3.244,1.942,49.6,0.99,0.6,12.3,11.035,0.5,32.85714,5,2,1,2,0,2,1,0.356904235,-10000,41.34615,32.69231,41.90476,38.94231,26.92308,57.63547
14.45249145,62273,9,1308.82,53,2.49,50669.315,0,98,11373,146,2,11.4,0.1,0.01,139.547,0,0,0,0,13,0,0,0,0,65.71429,0,0,0,0,0,0,0,0,0,86.53846,88.94231,90.95238,77.40385,78.84615,0
0,771612,0,21.188,47000,0,8708.597,2720,42.2,7651,68,2,33.65,0.379,0.258,217.066,28.6,4.885,2.977,1.5,9.75,0,0,79.807,1.7,71.90476,5,2,2,0,1,1,2,7.548929322,0,91.82692,67.30769,88.57143,39.42308,71.63461,49.7537
6.125231078,11673029,715,10.202,1098580,-1.32,6885.829,3130,87.2,36492,22476,1.5,23.3,0.352,0.128,204.299,25.4,6.704,4.393,7.1,6.89,0,0,25.383,1.1,22.85714,5,2,1,1,1,2,0,6.061399101,-50005,28.84615,39.90385,38.09524,15.86539,9.615385,44.33498
5.151159087,3280815,169,68.496,51129,0.31,11713.895,0,0,9066,3273,4,8.77,0.308,0.142,329.635,42.5,16.569,10.711,0.2,10.08,30.2,47.7,97.164,3.5,0,6,2,2,2,0,1,1,0,0,31.73077,28.36539,30.95238,45.19231,46.63462,37.43842
0.042523787,2351625,1,4.044,600370,0,15807.374,6820,79.8,339552,89,1,23.08,0.469,0.024,237.372,25.8,3.941,2.242,0,4.81,5.7,34.4,0,1.8,69.04762,7,2,1,2,2,2,2,3.149397902,15000,77.88461,65.38461,83.33334,68.75,68.75,62.56158
23.03073773,212559409,48954,25.04,8511965,-0.03,14103.452,8580,86.4,132,1032913,2,16.56,0.4,0.084,177.961,33.5,8.552,5.06,3.4,8.11,10.1,17.9,0,2.2,19.04762,2,1,0,1,0,2,1,3.791215029,30000,40.38462,36.05769,31.90476,39.90385,44.23077,60.59113
3.307206403,30237,1,207.973,153,10.01,16000,0,97.8,14754,8,2,14.89,0.062,0.018,0,0,0,0,0,13.67,0,0,0,0,0,0,0,0,0,0,0,0,0,0,0,0,0,0,0,0
0.685740932,437483,3,81.347,5770,3.59,71809.251,0,93.9,51768,141,2,18.79,0.561,0.036,201.285,32.4,4.591,2.382,0,12.79,2,30.9,0,2.7,0,8,2,2,2,2,0,1,0,0,79.80769,87.01923,91.90476,74.51923,75,24.63054
2.77759988,6948445,193,65.18,110910,-4.58,18563.307,7760,98.6,0,3755,3,9.65,0.304,0.093,424.688,44.7,20.801,13.272,1.5,5.81,30.1,44.4,0,7.454,47.14286,5,2,1,1,1,1,0,1.178293011,-24001,50.96154,62.98077,60.47619,72.59615,53.36538,59.1133
0.25354875,20903278,53,70.151,274200,0,1703.102,610,26.6,284,900,2,45.62,0.196,0.322,269.048,17.6,2.409,1.358,43.7,2.42,1.6,23.9,11.877,0.4,10,5,2,1,2,0,2,0,3.4427594,-125000,53.36538,31.25,13.33333,36.05769,34.61538,43.84237
0.008409877,11890781,1,423.062,27830,-0.06,702.225,290,51.6,12929,104,2,42.22,0.203,0.463,293.068,17.5,2.562,1.504,71.7,6.05,0,0,6.144,0.8,1.904762,2,2,0,0,0,2,0,20.22556256,20000,5.288462,8.173077,7.619048,13.46154,5.769231,5.418719
0,16718971,0,90.672,181040,0,3645.07,1230,69.4,0,129,2,26.9,0.3,0.35,270.892,25.6,4.412,2.385,0,4,2,33.7,66.229,0.8,39.52381,4,2,1,1,0,2,0,3.428652631,-149999,78.36539,64.42308,71.90476,43.26923,67.78846,79.80296
1.130119555,26545864,300,50.885,475440,0,3364.926,1360,79,973558,11281,1.5,33.89,0.17,0.448,244.661,18.8,3.165,1.919,23.8,7.2,0,0,2.735,1.3,8.571428,3,2,1,0,0,2,0,2.760214909,-24000,8.653846,32.21154,51.42857,32.69231,11.05769,13.7931
22.11320355,37742157,8346,4.037,9984670,5.96,44017.591,42870,97,3498,100618,0,10.78,0.294,0.022,105.599,41.4,16.984,10.797,0.5,7.37,12,16.6,0,2.5,72.38095,7,2,2,2,1,2,2,2.273096464,1100000,11.05769,19.71154,8.571428,20.19231,12.5,18.2266
1.438879976,555988,8,135.58,4033,-12.07,6222.554,0,76.6,110,848,3,24.87,0.219,0.121,182.219,25.7,4.46,3.437,0,2.42,2.1,16.5,0,2.1,0,7,2,2,2,1,2,2,0,0,94.71154,94.71154,84.7619,93.75,94.71154,96.05911
1.521606817,65720,1,256.496,262,18.75,49903.029,0,98,3050,195,2,12.74,0.032,0.014,0,0,0,0,0,13.22,0,0,0,0,70.95238,0,0,0,0,0,0,0,0,0,68.26923,85.57692,90,80.76923,76.44231,64.03941
0.393393963,4829764,19,7.479,622984,0,661.24,390,51,0,2605,2,33.91,0.2,0.55,435.727,18.3,3.655,2.251,0,6.1,0,0,16.603,1,3.333333,3,2,0,1,0,0,0,4.510380595,-150000,10.57692,2.884615,2.857143,6.730769,3.846154,14.77833
0.450509164,16425859,74,11.833,1284000,-0.11,1768.153,630,47.5,5342,858,2,45.73,0.259,0.335,280.995,16.7,2.486,1.446,38.4,6.1,0,0,5.818,0,7.142857,3,1,1,1,0,2,0,7.264986197,10000,6.730769,6.730769,8.095238,11.53846,7.211538,8.374384
21.41114904,19116209,4093,24.282,756950,0,22767.037,13610,96.2,232108,231393,3,15.23,0.493,0.06,127.993,35.4,11.087,6.938,1.3,8.46,34.2,41.5,0,2.11,47.14286,5,2,1,2,0,2,2,4.651401381,85285,81.73077,81.73077,61.42857,88.94231,83.65385,82.26601
0.322234655,1439323774,4638,147.674,9596960,-0.4,15308.712,8690,90.9,0,84524,1.5,13.25,0.473,0.125,261.899,38.7,10.641,5.929,0.7,9.74,1.9,48.4,0,4.34,25.23809,0,0,0,0,0,0,0,4.05448338,-1624595,45.67308,69.71154,36.66667,48.07692,48.07692,8.866995
4.019033198,50882884,2045,44.223,1138910,-0.31,13254.949,5830,92.5,131110,63276,2,20.48,0.342,0.125,124.24,32.2,7.646,4.312,4.5,7.44,4.7,13.5,65.386,1.71,11.42857,1,0,0,0,1,2,1,4.820863541,-147004,44.71154,50,17.61905,65.38461,38.46154,52.70936
0.574980307,869595,5,437.352,2170,0,1413.89,760,56.5,0,210,2,36.93,0.04,0.4,261.516,20.4,2.963,1.726,18.1,11.88,4.4,23.6,15.574,2.2,31.42857,8,2,2,2,2,1,1,0.776345328,-10000,22.59615,3.846154,39.04762,11.05769,12.01923,33.00492
2.198615893,5094114,112,96.079,51100,0.51,15524.995,11040,96,59648,2058,2,18.32,0.299,0.088,137.973,33.6,9.468,5.694,1.3,8.78,6.4,17.4,83.841,1.13,52.38095,6,2,1,2,1,1,1,1.978312517,16384,70.67308,67.78846,62.38095,69.23077,69.23077,84.72906
0.185758925,26378275,49,76.399,322460,-0.07,3601.006,0,50.9,374,6444,2,35.11,0.171,0.279,303.74,18.7,2.933,1.582,28.2,2.42,0,0,19.351,0,0,2,1,0,1,0,2,0,0,0,36.53846,31.73077,15.71429,46.15385,30.76923,37.93103
2.606407182,4105268,107,73.726,56542,1.58,22669.797,12430,98.5,66975,2280,0,9.61,0.308,0.07,253.782,44,19.724,13.053,0.7,5.59,34.3,39.9,0,5.54,61.90476,8,2,2,2,2,2,2,1.167417744,-40000,60.09615,69.23077,73.80952,68.26923,62.98077,64.53202
0.750444793,11326616,85,110.408,110860,-1.58,2900,0,97,278519,2305,2,11.89,0.261,0.055,190.968,43.1,14.738,9.719,0,8.27,17.1,53.3,85.198,5.2,60,4,2,2,0,0,0,0,0,-109998,61.05769,44.71154,67.61905,6.25,35.09615,9.852217
2.169199874,875899,19,127.657,9250,0.43,32415.132,23720,97.6,270680,985,3,12.56,0.198,0.037,141.171,37.3,13.416,8.563,0,9.24,19.6,52.7,0,3.4,55.71429,7,2,2,2,1,0,2,1.52089328,25001,74.03846,77.88461,64.7619,81.25,75.96154,80.78818
3.128215175,10708982,335,137.176,78866,0.97,32605.906,0,99.9,0,10460,3,9.02,0.393,0.034,227.485,43.3,19.027,11.58,0,6.82,30.5,38.3,0,6.63,0,8,2,2,2,2,2,2,0,0,69.23077,78.36539,87.14286,87.01923,81.73077,78.32513
0.030146915,89561404,27,35.879,2345410,0,4881.406,0,65.5,0,883,2,43.69,0.11,0.55,344.094,17,3.02,1.745,77.1,6.1,0,0,4.472,0,0,0,0,0,0,0,2,0,0,0,3.846154,5.769231,4.761905,5.769231,2.884615,7.389163
10.35875296,5792203,600,136.52,43094,2.48,46682.515,55220,100,14538,12391,3,11.13,0.246,0.018,114.767,42.3,19.677,12.325,0.2,6.41,19.3,18.8,0,2.5,64.7619,8,2,2,2,2,2,2,1.555341415,75998,98.55769,97.11539,82.38095,94.23077,96.63461,98.02956
4.554646651,988002,45,41.285,23000,0,2705.406,1880,67.9,416,4565,1,39.53,0.225,0.179,258.037,25.4,4.213,2.38,22.5,6.05,1.7,24.5,0,1.4,11.90476,4,2,1,0,1,2,0,0.448845121,4501,26.44231,17.30769,41.42857,24.51923,17.30769,11.33005
0,71991,0,98.567,754,-13.87,9673.367,6990,94,33377,18,2,15.27,0.328,0.177,227.376,0,0,0,0,11.62,0,0,0,3.8,67.61905,8,2,2,2,2,2,2,0.997822968,0,70.19231,40.86538,89.04762,57.69231,74.03846,74.38424
5.96428582,10847904,647,222.873,48730,-3.22,14600.861,6630,84.7,0,25068,2,23.22,0.306,0.112,266.653,27.6,6.981,4.419,1.6,8.2,8.5,19.1,55.182,1.6,39.52381,4,2,0,2,0,2,0,3.672633475,-151333,24.51923,39.42308,47.61905,50.48077,38.94231,51.23153
23.55600446,17643060,4156,66.939,283560,-8.58,10581.936,5890,92.5,90000,49731,2,22.29,0.312,0.07,140.448,28.1,7.104,4.458,3.6,5.55,2,12.3,80.635,1.5,29.52381,4,2,1,1,0,2,0,1.463070759,-30776,32.69231,42.78846,43.33333,16.34615,28.84615,47.29064
1.97098917,102334403,2017,97.999,1001450,-0.22,10550.206,0,57.7,35411,52211,1,22.94,0.357,0.149,525.432,25.3,5.159,2.891,1.3,17.31,0.2,50.1,89.827,1.6,0,0,0,0,0,0,0,1,0,0,30.76923,30.76923,11.90476,17.78846,37.5,13.30049
1.433813106,6486201,93,307.811,21040,-3.74,7292.458,3560,80.2,854,4329,2,26.61,0.302,0.099,167.295,27.6,8.273,5.417,2.2,8.87,2.5,18.8,90.65,1.3,25.23809,4,2,1,1,0,2,0,1.380712237,-202694,29.80769,36.53846,33.33333,53.84615,19.71154,48.27586
2.280851185,1402985,32,45.194,28051,0,22604.873,7060,85.7,0,1664,2,35.59,0.906,0.03,202.812,22.4,2.846,1.752,0,7.78,0,0,24.64,2.1,27.61905,4,1,2,0,1,2,0,12.52914974,79999,2.403846,9.615385,43.80952,4.807693,6.730769,2.463054
0,3546427,0,44.304,121320,0,1510.459,0,58.6,58955,142,1.5,34.33,0.254,0.102,311.11,19.3,3.607,2.171,0,6.05,0.2,11.4,0,0.7,13.80952,0,0,0,0,0,0,0,0,-49999,9.134615,2.403846,24.76191,1.923077,5.288462,0.4926108
5.201505572,1326539,69,31.033,45226,-3.16,29481.252,18190,99.8,714,1979,3,10.04,0.294,0.04,255.569,42.7,19.452,13.491,0.5,4.02,24.5,39.3,0,4.69,59.52381,7,2,2,2,1,2,2,3.977280948,-4999,89.90385,84.61539,66.19048,91.82692,86.53846,89.65517
0.062628528,114963583,72,104.957,1127127,0,1729.927,740,42.7,26517,4070,2,37.98,0.099,0.475,182.634,19.8,3.526,2.063,26.7,7.47,0.4,8.5,7.96,0.3,3.809524,2,1,1,0,0,0,1,6.324334745,-60001,37.5,29.32692,9.523809,13.94231,36.53846,16.25616
0,48865,0,35.308,1399,1.41,22000,0,0,8241,187,0,14.05,0.11,0.27,0,0,0,0,0,0,0,0,0,0,0,0,0,0,0,0,0,0,0,0,0,0,0,0,0,0
0,896444,0,49.562,18270,-3.14,8702.975,4970,93.7,388,18,2,22.55,0.135,0.089,412.82,28.6,6.224,3.284,1.4,14.49,10.2,34.8,0,2.3,60,5,2,2,1,0,0,1,2.994733505,-20000,67.30769,62.5,70.95238,44.71154,50,54.6798
5.883713988,5540718,326,18.136,338145,0.95,40585.721,44580,100,1300,7133,3,10.45,0.295,0.028,153.507,42.8,21.228,13.264,0,5.76,18.3,22.6,0,3.28,70.95238,8,2,2,2,2,1,2,0.932456147,70000,100,99.03846,81.90476,97.11539,100,98.52217
45.37368849,65273512,29617,122.578,547030,0.66,38605.671,37970,99,108200,159452,4,11.99,0.214,0.022,86.06,42,19.718,13.079,0,4.77,30.1,35.6,0,5.98,40.47619,7,2,2,2,1,0,2,0.995561444,400002,87.98077,91.82692,51.90476,83.65385,88.94231,88.17734
0,280904,0,77.324,4167,2.94,17500,0,98,0,60,2,16.68,0.19,0.031,0,32.7,7.775,4.593,0,22.63,0,0,0,0,0,0,0,0,0,0,0,0,0,-500,0,0,0,0,0,0
1.527590074,2225728,34,7.859,267667,0,16562.413,6610,63.2,2756,4428,2,36.16,0.592,0.061,259.967,23.1,4.45,2.976,3.4,7.2,0,0,0,6.3,29.52381,6,2,2,1,1,2,1,1.303092932,5000,19.71154,18.75,37.61905,16.82692,24.51923,22.16749
0.041379356,2416664,1,207.566,11300,1.57,1561.767,0,40.1,724,36,2,39.37,0.142,0.308,331.43,17.5,2.339,1.417,10.1,1.91,0.7,31.2,7.876,1.1,0,3,2,1,0,0,2,0,0,0,38.94231,27.40385,44.76191,28.36539,36.05769,38.42365
0.350949758,3989175,14,65.032,69700,-4.7,9745.079,3790,99,20579,896,3,10.41,0.275,0.172,496.218,38.7,14.864,10.244,4.2,7.11,5.3,55.5,0,2.6,19.52381,4,2,1,1,0,0,1,6.485833026,-50000,76.44231,74.03846,30,83.17308,63.94231,56.15763
10.60226992,83783945,8883,237.016,357021,2.18,45229.245,43490,99,2755770,189135,3,8.25,0.296,0.009,156.139,46.6,21.453,15.957,0,8.31,28.2,33.1,0,8,55.23809,7,2,2,1,2,2,2,1.537468922,1850000,95.19231,93.26923,66.66666,94.71154,91.34615,95.07389
0.225276362,31072945,70,126.719,239460,-0.64,4227.63,1490,74.8,129461,13203,2,30.52,0.246,0.366,298.245,21.1,3.385,1.948,12,4.97,0.3,7.7,41.047,0.9,35.71429,4,2,1,1,0,2,1,13.39470133,-100000,52.88462,46.15385,47.14286,50,56.73077,67.98029
1.813287773,10423056,189,83.479,131940,2.35,24574.382,18090,97.5,87052,3237,3,9.68,0.213,0.054,175.695,45.3,20.396,14.524,1.5,4.55,35.3,52,0,4.21,29.52381,6,2,2,2,0,0,1,0.669504795,49996,55.76923,65.86539,50,64.42308,59.13462,75.36946
0,56772,0,0.137,2166086,-8.37,20000,0,0,1362,13,1,15.93,0,0,199.941,0,0,0,0,2.16,0,0,0,0,95.71429,0,0,0,0,0,0,0,0,0,84.13461,76.92308,100,89.90385,94.23077,91.62562
0,112519,0,317.132,344,-13.92,13593.877,9650,98,1406,23,2,22.08,0.18,0.054,243.964,29.4,7.304,5.021,0,10.71,0,0,0,3.7,67.14286,6,2,1,2,1,2,2,2.120219344,-3497,66.82692,43.75,85.2381,40.38462,62.5,65.51724
2.962383652,168783,5,304.128,541,0,21000,0,99,7200,200,2,18.79,0,0,310.496,31.4,9.551,5.493,0,21.52,0,0,0,0,55.23809,0,0,0,0,0,0,0,0,-2532,86.53846,63.46154,67.14286,58.17308,87.98077,0
2.695979424,17915567,483,157.834,108890,-1.67,7423.808,4060,70.6,0,12509,2,29.88,0.188,0.227,155.898,22.9,4.694,3.016,8.7,10.18,0,0,76.665,0.6,16.19048,5,2,1,2,0,2,0,3.619188154,-46073,22.11539,23.55769,27.14286,45.67308,13.46154,35.46798
19.38793772,67052,13,0,78,3.84,20000,0,0,1500,252,3,8.81,0.1,0.03,0,0,0,0,0,0,0,0,0,0,0,0,0,0,0,0,0,0,0,0,0,0,0,0,0,0
0.205592231,13132792,27,51.755,245857,-3.06,1998.926,800,35.9,714,4904,2,41.76,0.362,0.237,336.717,19,3.135,1.733,35.3,2.42,0,0,17.45,0.3,14.28571,4,2,1,1,0,1,0,16.72593466,-50000,13.94231,16.34615,16.66667,21.63461,9.134615,26.10837
0.762195897,1967998,15,66.191,36120,-1.57,1548.675,660,42.4,1037,1512,2,37.22,0.12,0.62,382.474,19.4,3.002,1.565,67.1,2.42,0,0,6.403,0,13.80952,6,2,1,2,1,2,0,5.946002134,-9995,3.365385,7.211538,21.90476,9.615385,8.653846,29.06404
1.525632534,786559,12,3.952,214970,-2.07,7435.047,4460,98.8,5653,183,2,18.28,0.203,0.37,373.159,26.3,5.305,2.837,0,11.62,0,0,77.159,1.6,31.42857,6,2,1,2,1,2,1,1.916721497,-24552,46.63462,41.82692,40.95238,32.21154,41.82692,56.65025
0.762988364,11402533,87,398.448,27750,-3.4,1653.173,760,52.9,154989,4980,2,36.44,0.2,0.28,430.548,24.3,4.8,2.954,23.5,6.65,2.9,23.1,22.863,0.7,13.33333,4,1,1,2,0,1,0,13.36181049,-175000,9.615385,1.442308,23.33333,8.653846,15.86539,26.60098
3.523612444,9904608,349,82.805,112090,-1.99,4541.795,2250,76.2,86743,11258,2,28.24,0.312,0.139,240.208,24.9,4.652,2.883,16,7.21,2,0,84.169,0.7,16.19048,3,1,1,1,0,2,0,4.211120495,-14001,29.32692,27.88461,26.66667,34.61538,16.34615,31.52709
0,7496988,0,0,1092,5.24,28800,0,93.5,51663,0,2,7.29,0.092,0.001,0,0,0,0,0,0,0,0,0,0,0,0,0,0,0,0,0,0,0,0,92.30769,98.07692,74.7619,100,95.19231,62.06897
5.900407335,9660350,570,108.043,93030,0.86,26777.561,12870,99.4,1357413,4086,3,9.72,0.312,0.037,278.296,43.4,18.577,11.976,0.5,7.55,26.8,34.8,0,7.02,63.80952,6,2,2,2,0,2,2,3.665601803,29999,59.61538,70.19231,73.33334,73.07692,72.11539,58.62069
2.93040293,341250,10,3.404,103000,2.38,46482.958,60830,99.9,128383,1819,3,13.64,0.15,0.086,117.992,37.3,14.431,9.207,0.2,5.31,14.3,15.2,0,2.91,84.7619,8,2,2,2,2,2,2,0.481958379,1900,93.75,91.34615,96.66666,90.38461,93.26923,94.58128
0.938257888,1380004385,12948,450.419,3287590,-0.07,6426.674,1820,59.5,531275,395048,2.5,22.01,0.276,0.186,282.28,28.2,5.989,3.414,21.2,10.39,1.9,20.6,59.55,0.53,11.42857,0,0,0,0,0,0,0,2.997597738,-2449998,49.51923,63.94231,14.7619,46.63462,55.28846,60.09852
0.867566754,273523621,2373,145.725,1919440,0,11188.744,3540,87.9,117726,43803,2,20.34,0.458,0.134,342.864,29.3,5.319,3.053,5.7,6.32,2.8,76.1,64.204,1.04,16.66667,3,2,1,0,0,0,0,4.244464291,-825000,46.15385,59.13462,27.61905,50.96154,42.78846,52.21675
11.18189046,83992953,9392,49.831,1648000,-0.84,19082.62,0,79.4,214761,200262,1,17,0.424,0.116,270.308,32.4,5.44,3.182,0.2,9.59,0.8,21.1,0,1.5,0,0,0,0,0,0,0,0,0,0,15.86539,37.5,10.95238,7.692307,25,12.80788
2.12816194,40222503,856,88.125,437072,0,15663.986,4770,40.4,3459,25717,1,31.98,0.666,0.073,218.612,20,3.186,1.957,2.5,8.83,0,0,94.576,1.4,0.4761905,3,2,1,0,0,0,0,16.2,39171,7.211538,9.134615,1.428571,9.134615,3.365385,21.18227
34.7118431,4937796,1714,69.874,70280,4.99,67335.293,55290,98,423125,25368,3,14.45,0.46,0.05,126.459,38.7,13.928,8.678,0.2,3.28,23,25.7,0,2.96,69.04762,6,2,2,2,0,2,2,-0.308372846,23497,90.86539,89.90385,86.19048,92.78846,89.90385,92.11823
28.22466836,85032,24,147.872,572,5.36,21000,0,0,2310929,336,3,11.05,0.13,0.01,0,0,0,0,0,0,0,0,0,0,0,0,0,0,0,0,0,0,0,0,0,0,0,0,0,0
3.512201028,8655541,304,402.606,20770,0.68,33132.32,37270,95.4,11448,20339,3,17.97,0.317,0.026,93.32,30.6,11.733,7.359,0.5,6.74,15.4,35.4,0,2.99,10.95238,2,2,0,0,0,1,2,0.152206125,50002,79.32692,86.05769,15.2381,86.53846,80.76923,69.95074
57.16168555,60461828,34561,205.859,301230,2.07,35220.084,31020,98.6,6095,238011,0,8.72,0.291,0.021,113.151,47.9,23.021,16.24,2,4.78,19.8,27.8,0,3.18,40.95238,6,2,1,2,1,2,1,0.629108923,350000,62.01923,68.26923,57.61905,73.55769,61.53846,81.7734
0.33770538,2961161,10,266.879,10991,-4.92,8193.571,4750,87.9,186343,652,2,20.82,0.337,0.049,206.537,31.4,9.684,6.39,0,11.28,5.3,28.6,66.425,1.7,41.42857,5,2,0,2,1,2,1,6.954563136,-93000,50,70.67308,62.85714,62.98077,46.15385,68.96552
0.752709251,126476458,952,347.778,377835,0,39002.223,38550,99,97110,17799,3,9.37,0.258,0.017,79.37,48.2,27.049,18.493,0,5.72,11.2,33.7,0,13.05,72.38095,6,2,2,2,0,1,2,-0.215152805,250000,89.42308,94.23077,88.09524,87.98077,90.38461,80.29556
30.67090123,101073,31,0,116,2.76,24800,0,0,353843,318,3,9.3,0.02,0.05,0,0,0,0,0,0,0,0,0,0,0,0,0,0,0,0,0,0,0,0,82.69231,87.5,93.33334,75.48077,94.23077,91.62562
0.08820814,10203140,9,109.285,92300,6.59,8337.49,3980,91.3,25861,1008,1,21.25,0.287,0.033,208.257,23.2,3.81,2.361,0.1,11.75,0,0,0,1.4,16.66667,3,1,1,1,0,0,1,1.654327085,0,60.57692,57.21154,31.42857,58.65385,60.57692,28.07882
0.601809465,18776707,113,6.681,2717300,-3.35,24055.588,7890,98.4,196397,16779,4,16,0.386,0.067,466.792,30.6,6.991,4.625,0.1,7.11,7,43.1,98.999,6.7,32.85714,2,0,1,1,0,0,0,6.380392334,0,36.05769,54.32692,45.71429,60.09615,35.57692,15.76355
0.221307649,53771300,119,87.324,582650,-0.1,2993.028,1440,85.1,59490,4374,1.5,39.72,0.188,0.163,218.637,20,2.686,1.528,36.8,2.92,1.2,20.4,24.651,1.4,8.571428,4,2,1,1,0,0,0,2.701080066,-50000,19.23077,38.94231,12.38095,43.75,37.98077,34.97537
0,119446,0,0,811,0,800,2780,0,2505,0,2,30.65,0.242,0.089,0,0,0,0,0,0,0,0,0,0,62.38095,8,2,2,2,2,2,2,1.642459979,-2126,64.90385,41.34615,86.66666,22.11539,69.71154,87.68473
1.707390517,1932774,33,0,0,0,9795.834,3890,0,0,1486,0,0,0,0,0,0,0,0,0,0,0,0,0,0,25.23809,7,2,2,2,1,1,1,-0.251153751,0,35.57692,37.98077,24.28572,41.34615,40.38462,39.90148
7.329244411,4270563,313,232.128,17820,14.18,65530.537,31430,83.5,0,38678,1,21.94,0.479,0.004,132.235,33.7,2.345,1.114,0,15.84,2.7,37,0,2,31.42857,5,2,1,1,1,1,1,11.94655227,100000,45.19231,49.51923,52.38095,54.32692,60.09615,30.54187
0.536464981,6524191,35,32.333,198500,-2.45,3393.474,0,97,2338,2981,2.5,22.8,0.208,0.353,436.362,26.3,4.489,2.882,1.4,7.11,3.6,50.5,89.22,4.5,0,2,0,1,1,0,0,1,0,0,16.34615,28.84615,25.23809,37.98077,17.78846,33.99015
0,7275556,0,29.715,236800,0,6397.36,0,66.4,900,19,2,35.49,0.287,0.455,368.111,24.4,4.029,2.322,22.7,4,7.3,51.2,49.839,1.5,0,5,2,2,1,0,0,1,0,0,15.38461,24.51923,60,20.67308,18.75,4.433497
1.59049773,1886202,30,31.212,64589,-2.23,25063.846,14740,99.8,156493,1110,3,9.24,0.261,0.04,350.06,43.9,19.754,14.136,0.7,4.91,25.6,51,0,5.57,50.47619,6,2,2,1,1,2,1,3.058498607,-50000,64.42308,79.80769,60.95238,85.57692,79.32692,74.87685
0.468834106,6825442,32,594.561,10400,0,13367.565,8310,87.4,50533,1510,0,18.52,0.21,0.12,266.591,31.1,8.514,5.43,0,12.71,26.9,40.7,0,2.9,5.238095,3,1,1,1,0,1,0,2.457163488,-150000,12.01923,25.96154,7.142857,38.46154,23.55769,32.0197
0,2142252,0,73.562,30355,-0.74,2851.153,1280,84.8,0,4,3,24.75,0.443,0.163,405.126,22.2,4.506,2.647,59.6,3.94,0.4,53.9,2.117,0,23.33333,7,2,2,2,1,2,2,-1.112142211,-19998,53.84615,18.26923,38.57143,33.17308,41.34615,50.73891
0.652473458,5057677,33,49.127,111370,0,752.788,380,57.5,3907,581,2,44.77,0.054,0.769,272.509,19.2,3.057,1.756,38.6,2.42,1.5,18.1,1.188,0.8,18.09524,5,2,1,1,1,2,1,0.252206719,-25000,20.19231,8.653846,40,14.42308,16.82692,43.34975
0.145533144,6871287,10,3.623,1759540,0,17881.509,6540,82.6,961,510,0,26.49,0.499,0.076,341.862,29,4.424,2.816,0,10.43,0,0,0,3.7,0.4761905,0,0,0,0,0,0,0,24.43956581,-9997,2.884615,1.923077,1.904762,1.442308,2.403846,6.896552
2.622125495,38137,1,237.012,160,4.85,25000,0,100,222150,83,4,10.21,0.39,0.06,0,0,0,0,0,7.77,0,0,0,2.397,87.14286,8,2,2,2,2,2,2,0,0,95.67308,95.19231,98.09524,90.86539,92.30769,92.61084
2.7917662,2722291,76,45.135,65200,-0.71,29524.265,15200,99.6,9863,1792,0,8.75,0.325,0.055,342.989,43.5,19.002,13.778,0.7,3.67,21.3,38,0,6.56,63.33333,7,2,2,2,1,1,2,4.254472523,-25000,68.75,80.76923,72.85714,82.69231,79.80769,77.83251
17.57255869,625976,110,231.447,2586,8.97,94277.965,70260,100,2172,4099,0,11.94,0.13,0.01,128.275,39.7,14.312,9.842,0.2,4.42,20.9,26,0,4.51,81.42857,8,2,2,2,2,2,2,2.129662112,25001,97.11539,95.67308,96.19048,95.19231,95.67308,96.55173
0,649342,0,0,28,4.86,19400,0,94.5,38337,0,2,8.48,0.072,0.001,0,0,0,0,0,0,0,0,0,0,0,0,0,0,0,0,0,0,0,0,76.92308,85.57692,92.85714,93.26923,81.25,42.85714
10.65576131,2083380,222,82.6,25333,-1.45,13111.214,0,0,0,4820,3,12.02,0.319,0.118,322.688,39.1,13.26,8.16,5,10.08,0,0,0,4.28,0,4,2,1,1,0,1,0,0,0,0,0,0,0,0,0
0.046946629,27691019,13,43.951,587040,0,1416.44,400,68.9,1842,1443,2,41.41,0.165,0.276,405.994,19.6,2.929,1.686,77.6,3.94,0,0,50.54,0.2,20.95238,3,2,1,0,0,1,0,8.280734365,-7500,14.90385,11.05769,28.09524,23.55769,21.15385,36.4532
0.041819231,19129955,8,197.519,118480,0,1095.042,320,62.7,55494,620,2,43.13,0.158,0.342,227.349,18.1,2.979,1.783,71.4,3.94,4.4,24.7,8.704,1.3,23.33333,5,2,1,1,1,2,2,13.46150517,-60000,25,22.11539,34.28571,25.48077,39.90385,42.36453
0.373849124,32365998,121,96.254,329750,0,26808.164,9650,88.7,3400,8535,2,22.86,0.48,0.084,260.942,29.9,6.293,3.407,0.1,16.74,1,42.4,0,1.9,39.52381,3,2,1,0,0,0,1,3.819562194,250000,63.94231,81.25,54.28571,74.03846,74.51923,41.37931
1.479996004,540542,8,1454.433,300,0,15183.616,9570,97.2,105664,2150,2,34.81,0.18,0.2,164.905,30.6,4.12,2.875,0,9.19,2.1,55,95.803,0,39.52381,6,2,2,1,1,0,0,0.032873497,9758,17.30769,35.09615,50.47619,33.65385,31.73077,30.04926
0.533311369,20250834,108,15.196,1240000,-0.33,2014.306,770,46.4,20447,1923,2,49.82,0.17,0.45,268.024,16.4,2.519,1.486,0,2.42,1.6,23,52.232,0.1,3.809524,6,2,1,2,1,2,0,1.542536317,-200000,26.92308,15.38461,5.238095,30.76923,21.63461,36.94581
2.03832504,441539,9,1454.037,316,2.07,36513.323,23810,92.8,0,663,0,10.22,0.23,0.03,168.711,42.4,19.426,11.324,0.2,8.83,20.9,30.2,0,4.485,79.04762,7,2,2,1,2,2,2,2.52882974,4501,71.63461,78.84615,93.80952,88.46154,82.21154,83.74384
0,59194,0,0,11854,-6.04,1600,4800,93.7,9093,0,2,33.05,0.149,0.317,0,0,0,0,0,0,0,0,0,0,19.52381,8,2,2,2,2,2,2,0.019512195,0,54.80769,6.25,77.61905,10.09615,52.88462,87.68473
0,375265,0,0,1100,-0.05,14400,0,97.7,7816,0,2,13.74,0.11,0.06,0,0,0,0,0,0,0,0,0,0,65.71429,0,0,0,0,0,0,0,0,0,86.53846,82.69231,84.28571,85.09615,78.84615,0
2.043160145,4649660,95,4.289,1030700,0,3597.633,1100,41.7,36,2223,1,40.99,0.29,0.25,232.347,20.3,3.138,1.792,6,2.42,0,0,15.95,0,13.80952,2,1,1,0,0,0,0,4.199952771,25502,23.07692,22.59615,22.38095,19.71154,26.44231,24.13793
0.786307555,1271767,10,622.962,2040,-0.9,20292.745,10140,85.6,52958,337,2,15.43,0.298,0.059,224.644,37.4,10.945,5.884,0.5,22.02,3.2,40.7,0,3.4,67.14286,7,2,2,2,1,2,2,1.912740183,0,62.98077,77.40385,79.04762,81.73077,76.92308,72.4138
0,272813,0,0,374,6.78,2600,0,0,3041,0,2,40.95,0,0,0,0,0,0,0,0,0,0,0,0,0,0,0,0,0,0,0,0,0,0,0,0,0,0,0,0
15.81754793,128932753,20394,66.444,1972550,-4.87,17336.469,8610,92.2,0,170485,1.5,20.69,0.259,0.038,152.783,29.3,6.857,4.321,2.5,13.06,6.9,21.4,87.847,1.38,13.80952,2,0,1,1,0,1,0,6.133853849,-300000,18.75,47.59615,25.71428,60.57692,27.40385,45.81281
0,548927,0,0,702,-20.99,2000,0,89,9980,0,2,24.68,0.152,0.289,0,0,0,0,0,0,0,0,0,0,0,7,2,2,2,1,2,2,0,0,75.48077,48.07692,94.7619,14.90385,53.84615,87.68473
11.15528328,4033963,450,123.655,33843,-0.26,5189.972,2180,99.1,1122,13556,0,15.7,0.233,0.213,408.502,37.6,10.864,6.955,0.2,5.72,5.9,44.6,86.979,5.8,25.23809,5,2,2,1,0,1,0,6.275456651,-14318,25.96154,35.57692,32.85714,51.92308,37.01923,40.8867
12.74080114,39244,5,19347.5,2,7.75,27000,0,99,67066,99,0,9.19,0,0.17,0,0,0,0,0,5.46,0,0,0,13.8,84.7619,8,2,2,2,2,2,2,0,0,0,0,99.52381,0,0,71.42857
0,3278292,0,1.98,1564116,0,11840.846,3290,97.8,243277,204,1,21.59,0.214,0.206,460.043,28.6,4.031,2.421,0.5,4.82,5.5,46.5,71.18,7,63.80952,6,2,2,2,0,1,1,10.58966574,-15001,39.90385,45.67308,74.28571,54.80769,44.71154,57.14286
1.432979547,628062,9,46.28,0,0,16409.288,7350,0,0,355,0,0,0,0,387.305,39.1,14.762,9.395,1,10.08,44,47.9,0,3.861,32.38095,0,0,0,0,0,0,0,2.72240441,-2400,58.17308,58.17308,50.95238,65.86539,57.69231,50.2463
20.0040008,4999,1,0,102,0,3400,0,97,5213,11,2,17.59,0,0,0,0,0,0,0,0,0,0,0,0,0,7,2,2,2,1,2,0,0,0,0,0,0,0,0,0
0.577070658,36910558,213,80.08,446550,-0.98,7485.013,2860,51.7,168023,9613,0,21.98,0.357,0.217,419.146,29.6,6.769,4.209,1,7.14,0.8,47.1,0,1.1,18.57143,3,1,1,0,1,0,0,-6.60E-09,-257096,47.59615,46.63462,33.80952,42.78846,49.51923,29.55665
0.012797774,31255435,4,37.728,801590,0,1136.103,420,47.8,0,668,2,35.18,0.348,0.262,329.942,17.7,3.158,1.87,62.9,3.3,5.1,29.1,12.227,0.7,9.523809,5,2,1,2,0,2,0,9.772024759,-25000,24.03846,17.78846,19.04762,24.03846,14.42308,32.51231
0.011027426,54409794,6,81.721,0,0,5591.597,0,0,0,286,0,0,0,0,202.104,29.1,5.732,3.12,6.4,4.61,6.3,35.2,79.287,0.9,0,0,0,0,0,0,0,0,0,0,30.28846,12.5,10.47619,22.59615,15.38461,23.64532
3.474816269,57557,2,119.878,477,9.61,12500,0,97,429458,30,2,19.43,0,0,194.994,0,0,0,0,0,0,0,0,0,0,0,0,0,0,0,0,0,0,0,0,0,0,0,0,0
0,2540916,0,3.078,825418,0,9541.808,4600,84,5409,45,1,24.32,0.315,0.097,243.811,22,3.552,2.085,13.4,3.94,9.7,34.2,44.6,0,58.57143,4,2,1,0,1,2,2,6.821714114,-2236,65.38461,56.25,68.09524,51.44231,61.05769,63.05419
0,0,0,0,21,0,5000,10220,0,21208,0,2,24.76,0,0,0,0,0,0,0,0,0,0,0,0,32.38095,8,2,2,2,2,2,2,3.407043974,0,33.65385,50.48077,63.33333,52.88462,25.48077,71.42857
0.075505869,29136808,22,204.43,147181,0,2442.804,790,45.2,17836,8274,0,30.98,0.21,0.38,260.797,25,5.809,3.212,15,7.26,9.5,37.8,47.782,0.3,13.80952,4,2,1,1,0,1,1,7.585506745,-350000,27.40385,16.82692,23.80952,23.07692,33.65385,39.40887
35.48902872,17134873,6081,508.544,41526,2.91,48472.545,46180,99,189657,49426,3,10.9,0.244,0.021,109.361,43.2,18.779,11.881,0,5.29,24.4,27.3,0,3.32,66.19048,8,2,2,2,2,2,2,1.146152349,80000,96.15385,96.63461,78.09524,99.03846,96.15385,97.04433
0,0,0,0,960,-0.41,11400,0,96.7,40459,0,2,14.78,0.15,0.01,0,0,0,0,0,0,0,0,0,0,0,0,0,0,0,0,0,0,0,0,0,0,0,0,0,0
0,285491,0,15.342,19060,0,15000,0,91,244778,21,2,18.11,0.088,0.15,0,33.4,9.954,6.489,0,23.36,0,0,0,0,0,0,0,0,0,0,0,0,0,5664,0,0,0,0,0,0
0.456220178,4822233,22,18.206,268680,4.05,36085.843,38970,99,34511,1159,3,13.76,0.273,0.043,128.797,37.9,15.322,9.72,0,8.08,14.8,17.2,0,2.61,93.33334,8,2,2,2,2,2,2,3.415912885,74403,99.51923,93.75,99.04762,98.55769,98.07692,99.50739
0.966102775,6624554,64,51.667,129494,-1.22,5321.444,2130,67.5,38014,2014,2,24.51,0.275,0.165,137.016,27.3,5.445,3.519,3.2,11.47,0,0,0,0.9,31.42857,4,2,1,1,0,1,0,4.911494311,-106342,12.98077,19.23077,18.09524,25,14.90385,18.71921
0.276783606,24206636,67,16.955,1267000,-0.67,926,360,17.6,2402,1020,1,50.73,0.17,0.39,238.339,15.1,2.553,1.378,44.5,2.42,0.1,15.4,8.978,0.3,7.619048,5,2,1,1,1,2,1,-0.109841133,-28497,31.25,20.19231,11.42857,27.88461,30.28846,31.03448
0.236247684,206139587,487,209.588,923768,0.26,5338.454,2080,68,11913,19147,1.5,40.43,0.487,0.269,181.013,18.1,2.751,1.447,0,2.42,0.6,10.8,41.949,0,3.809524,0,0,0,0,0,1,0,11.11654486,-300000,13.46154,14.90385,4.285714,17.30769,18.26923,33.49754
0,0,0,0,120540,0,1300,0,99,68627,0,3,15.54,0.34,0.3,0,0,0,0,0,0,0,0,0,0,0,1,1,0,0,0,0,0,0,0,1.923077,5.288462,32.38095,0,4.807693,0
4.500813651,5421242,244,14.462,323802,1.74,64800.057,75990,100,140134,8692,3,11.46,0.415,0.021,114.316,39.7,16.821,10.813,0.2,5.31,19.6,20.7,0,3.6,73.80952,8,2,2,2,2,2,2,3.845490451,140000,97.59615,97.59615,90.47619,95.67308,99.51923,100
2.447802089,5106622,125,14.98,212460,0.28,37960.709,14440,75.8,410468,27670,1,36.24,0.39,0.027,266.342,30.7,2.355,1.53,0,12.61,0.5,15.6,97.4,1.6,60.95238,3,1,1,0,1,0,1,9.003928634,605000,62.5,60.09615,68.57143,64.90385,68.26923,19.70443
1.531062661,220892331,3382,255.573,803940,-2.77,5034.708,1580,45.7,470234,171666,1,29.74,0.251,0.216,423.031,23.5,4.495,2.78,4,8.35,2.8,36.7,59.607,0.6,0.4761905,0,0,0,0,0,0,0,4.00052159,-1071778,23.55769,26.92308,3.333333,27.40385,27.88461,25.61576
0,0,0,0,458,2.85,9000,12530,92,112963,0,2,18.03,0.12,0.062,0,0,0,0,0,0,0,0,0,0,44.28571,8,2,2,2,2,2,2,0.036501969,0,33.65385,52.40385,77.61905,55.76923,62.01923,87.68473
11.2404653,4314768,485,55.133,78200,-0.91,22267.037,13100,92.6,17200,24274,2,21.74,0.156,0.068,128.346,29.7,7.918,5.03,2.2,8.33,2.4,9.9,0,2.3,47.61905,7,2,2,2,1,2,1,1.510338325,31448,32.21154,51.92308,56.19048,66.34615,52.40385,68.47291
0,8947027,0,18.22,462840,0,3823.194,2410,64.6,217139,8,2,29.36,0.381,0.353,561.494,22.6,3.808,2.142,0,17.65,23.5,48.8,0,0,14.7619,6,2,2,2,0,2,2,5.51373687,-1001,17.78846,24.03846,22.85714,31.25,23.07692,48.76847
0.182263517,7132530,13,17.144,406750,-0.08,8827.01,3920,94,4633731,1336,2,29.1,0.207,0.224,199.128,26.5,6.378,3.833,1.7,8.27,5,21.6,79.602,1.3,38.57143,6,2,1,2,1,2,0,5.541297547,-82365,20.67308,34.13462,42.38095,48.55769,32.21154,49.26109
23.23194158,32971846,7660,25.129,1285220,-1.05,12236.706,5970,90.9,37315,247925,1.5,20.48,0.27,0.08,85.755,29.1,7.151,4.455,3.5,5.95,4.8,0,0,1.6,25.23809,5,2,1,1,1,1,1,3.939754649,-179540,34.61538,44.23077,37.14286,71.15385,32.69231,55.17241
1.031199864,109581085,1130,351.873,300000,-1.5,7599.188,3660,92.6,649388,28459,2,24.89,0.326,0.144,370.437,25.2,4.803,2.661,0,7.07,7.8,40.8,78.463,1,8.571428,1,1,0,0,0,1,1,2.32070851,-650000,34.13462,55.28846,12.85714,56.73077,34.13462,47.78325
3.52475473,37846605,1334,124.027,312685,-0.49,27216.445,12710,99.8,318,31316,3,9.85,0.311,0.05,227.331,41.8,16.763,10.202,0,5.91,23.3,33.1,0,6.62,53.33333,6,2,2,1,1,2,2,2.010425084,-50002,74.51923,75,65.71429,78.36539,66.82692,71.92118
14.97542295,10196707,1527,112.371,92391,3.57,27936.896,19820,93.3,446,38464,3,10.72,0.274,0.053,127.842,46.2,21.502,14.924,0.5,9.85,16.3,30,0,3.39,70.95238,7,2,2,2,1,2,2,1.36882027,-30001,80.28846,86.53846,89.52381,78.84615,85.09615,88.66995
5.138350974,2860840,147,376.232,13790,-1.46,35044.67,0,94.1,0,6111,2,12.77,0.45,0.01,108.094,38.2,15.168,9.829,0,12.9,0,0,0,0,45.23809,0,0,0,0,0,0,0,0,-70002,59.13462,47.11538,59.04762,79.32692,73.07692,64.03941
3.227978591,2881060,93,227.322,11437,16.29,116935.6,61070,82.5,0,85462,1,15.56,0.801,0.002,176.69,31.9,1.307,0.617,0,16.52,0.8,26.9,0,1.2,53.33333,6,1,2,1,2,0,1,8.212507658,200000,77.40385,74.51923,69.04762,70.67308,75.48077,14.28571
2.192786927,5518092,121,15.405,342000,-0.17,808.133,0,83.8,14448,5476,2,42.57,0.57,0.062,318.949,19,3.402,2.063,37,7.2,1.7,52.3,47.964,0,0,4,2,1,1,0,2,1,0,0,7.692307,10.09615,29.52381,7.211538,11.53846,15.27094
0,895308,0,0,2517,0,5800,0,88.9,2660,0,2,18.9,0.19,0.08,0,0,0,0,0,0,0,0,0,0,0,0,0,0,0,0,0,0,0,0,73.55769,82.69231,55.71429,85.09615,84.61539,0
7.714027085,19237682,1484,85.129,237500,-0.13,23313.199,9970,98.4,175,23400,3,10.7,0.35,0.101,370.946,43,17.85,11.69,5.7,9.74,22.9,37.1,0,6.892,34.28571,6,2,2,2,0,0,1,5.277864192,-150000,52.40385,43.26923,48.57143,67.30769,63.46154,61.57635
5.462726213,145934460,7972,8.823,17075200,1.02,24765.954,0,99.6,389659,569063,0,9.95,0.371,0.054,431.297,39.6,14.178,9.393,0.1,6.18,23.4,58.3,0,8.05,0,0,0,0,0,0,0,0,0,0,21.15385,50.96154,29.04762,31.73077,20.67308,19.21182
0.015441381,12952209,2,494.869,26338,0,1854.211,720,70.4,18969,661,3,40.37,0.229,0.401,191.375,20.3,2.974,1.642,56,4.28,4.7,21,4.617,0,32.85714,2,0,1,0,1,1,1,7.315167554,-44999,71.15385,62.01923,52.85714,59.13462,58.17308,17.24138
0,6071,0,0,413,0,2500,0,97,117474,0,0,12.13,0,0,0,0,0,0,0,0,0,0,0,0,0,0,0,0,0,0,0,0,0,0,0,0,0,0,0,0
0,53192,0,212.865,261,-7.11,24654.385,0,97,0,15,2,18.02,0.258,0.035,0,0,0,0,0,12.84,0,0,0,2.3,0,7,2,2,2,1,2,2,0,0,0,0,0,0,0,0
0,183629,0,293.187,616,-2.67,12951.839,0,67,0,19,2,19.68,0.2,0.07,204.62,34.9,9.721,6.405,0,11.62,0,0,87.202,1.3,0,6,2,2,2,0,2,2,0,0,0,0,0,0,0,0
0,110947,0,281.787,389,-7.64,10727.146,0,96,329,29,2,16.18,0.26,0.1,252.675,31.8,7.724,4.832,0,11.62,0,0,0,2.6,0,6,2,2,2,0,2,2,0,0,0,0,0,0,0,0
0,198410,0,0,2944,-11.7,5600,4100,99.7,104606,0,2,16.43,0.584,0.114,0,0,0,0,0,0,0,0,0,0,72.38095,7,2,2,2,1,2,2,1.24926366,-12500,75,73.55769,91.42857,49.03846,77.88461,72.9064
123.7550828,33938,42,556.667,61,10.98,56861.47,0,96,58923,696,0,10.02,0,0,0,0,0,0,0,5.64,0,0,0,3.8,44.28571,8,2,2,2,2,2,2,1.114573707,0,0,0,77.61905,0,0,87.68473
5.475426741,219161,12,212.841,1001,-2.72,3052.714,0,79.3,0,693,2,40.25,0.148,0.167,270.113,18.7,2.886,2.162,32.3,2.42,0,0,41.34,2.9,0,8,2,2,2,2,2,1,0,0,61.53846,26.44231,64.28571,18.26923,25.96154,51.72414
3.400943653,34813867,1184,15.322,1960582,-2.71,49045.411,20080,78.8,279379,150292,1,29.34,0.613,0.033,259.538,31.9,3.295,1.845,0,17.72,1.8,25.4,0,2.7,14.28571,1,0,1,0,0,0,0,6.815899824,590000,65.86539,64.90385,28.57143,53.36538,58.65385,5.91133
0.47181277,16743930,79,82.328,196190,0.2,2470.58,950,40.2,1247,5639,2,32.78,0.209,0.172,241.219,18.7,3.008,1.796,38,2.42,0.4,16.6,20.859,0,31.42857,4,2,1,1,0,2,0,2.506621513,-99996,56.73077,42.30769,42.85714,49.51923,47.59615,55.66502
3.806250952,6804596,259,80.291,88361,-1.33,14048.881,5180,93,1932455,12709,0,0,0.255,0.166,439.415,41.2,17.366,0,0,10.08,37.7,40.2,97.719,5.609,38.09524,7,2,2,2,1,1,1,2.835715452,-50000,41.82692,56.73077,49.52381,56.25,49.03846,46.30542
0,98340,0,208.354,455,-5.69,26382.287,14180,58,30525,11,2,16.03,0.304,0.032,242.648,36.2,8.606,5.586,1.1,10.55,7.1,35.7,0,3.6,58.57143,8,2,2,2,2,2,0,2.363911678,-1000,75.96154,71.15385,69.52381,47.59615,59.61538,54.18719
0.664411429,7976985,53,104.7,71740,0,1390.3,510,31.4,0,1298,2,45.76,0.31,0.49,325.721,19.1,2.538,1.285,52.2,2.42,8.8,41.3,19.275,0,32.85714,6,2,2,2,0,2,1,14.67784291,-21000,37.01923,11.53846,44.28571,15.38461,22.59615,38.91626
0.444418387,5850343,26,7915.731,693,11.53,85535.383,54530,92.5,137,41615,2,9.34,0.339,0,92.243,42.4,12.922,7.049,0,10.99,5.2,28.3,0,2.4,93.33334,8,2,2,2,2,1,1,0.870398042,298448,99.03846,100,98.57143,99.51923,97.11539,41.87192
0,42882,0,1209.088,0,0,36327.232,0,0,0,0,0,0,0,0,0,0,0,0,0,0,0,0,0,0,0,0,0,0,0,0,0,0,0,0,0,0,0,0,0,0
0.512854046,5459643,28,113.128,48845,0.3,30155.152,0,0,0,1576,3,10.65,0.294,0.035,287.959,41.2,15.07,9.167,0.7,7.29,23.1,37.7,0,5.82,0,7,2,2,2,1,1,0,0,0,66.34615,75.48077,72.38095,75.96154,70.19231,76.84729
5.243076734,2078932,109,102.619,20273,1.12,31400.84,22000,99.7,404,1513,0,8.98,0.369,0.028,153.493,44.5,19.062,12.93,0,7.25,20.1,25,0,4.5,65.71429,8,2,2,2,2,2,2,1.976204636,6002,80.76923,83.17308,80,75,82.69231,79.31035
0,686878,0,0,28450,0,1700,1920,0,148500,0,2,30.01,0.11,0.42,0,0,0,0,0,0,0,0,0,0,38.57143,8,2,2,2,2,2,2,1.639432196,-12000,57.69231,13.46154,57.14286,18.75,47.11538,65.02463
0.553695258,15893219,88,23.5,637657,5.37,500,0,37.8,290365,2719,1,45.13,0.1,0.65,365.769,16.8,2.731,1.496,0,6.05,0,0,9.831,0.9,0.4761905,0,-77,-77,-77,-77,-77,-77,0,-199788,0,0.9615384,3.809524,0.9615384,0.4807692,3.448276
3.0872373,59308690,1831,46.754,1219912,-0.29,12294.876,5430,86.4,0,87715,1,18.2,0.303,0.025,200.38,27.3,5.344,3.053,18.9,5.52,8.1,33.2,43.993,2.32,24.28572,4,2,0,2,0,2,2,5.536708905,300000,57.21154,66.34615,36.19048,61.53846,50.96154,70.44335
0.546137043,51269183,280,527.967,98480,0,35938.374,0,97.9,44701,12373,3,10,0.403,0.033,85.998,43.4,13.914,8.622,0.2,6.8,6.2,40.9,0,12.27,0,4,2,1,0,1,2,2,0,0,72.11539,84.13461,65.2381,82.21154,86.05769,73.89162
0.276940776,11193729,31,0,0,0,1569.888,0,0,0,1813,0,0,0,0,280.775,19.2,3.441,2.032,0,10.43,0,0,0,0,0,2,1,0,1,0,2,1,0,150000,0.4807692,0,2.380952,2.403846,1.442308,1.477833
0,0,0,0,504782,0.99,22000,27180,97.9,65589,0,3,10.06,0.295,0.04,0,0,0,0,0,0,0,0,0,0,41.90476,5,0,2,2,1,1,2,0.954824617,200000,72.59615,79.32692,55.23809,80.28846,80.28846,82.75862
0.051370063,21413250,11,341.955,65610,-1.31,11669.077,3840,92.3,0,1950,2,15.51,0.276,0.178,197.093,34.1,10.069,5.331,0.7,10.68,0.3,27,0,3.6,30.95238,0,0,0,0,0,1,0,8.243715077,-449999,43.26923,45.19231,40.47619,47.11538,55.76923,46.79803
0,5795,0,0,242,-4.86,6900,0,99,175604,0,0,13.52,0,0,0,0,0,0,0,0,0,0,0,0,0,0,0,0,0,0,0,0,0,0,0,0,0,0,0,0
1.153953102,43849269,506,23.258,2505810,-0.02,4466.507,2380,61.1,0,8316,2,34.53,0.203,0.387,431.388,19.7,3.548,2.034,0,15.67,0,0,23.437,0.8,1.904762,1,1,0,0,0,0,0,32.8613567,-250001,5.769231,4.326923,5.714286,3.846154,10.57692,2.955665
1.363712298,586634,8,3.612,163270,-8.81,13767.119,6020,93,227860,293,2,18.02,0.22,0.13,258.314,29.6,6.933,4.229,0,12.54,7.4,42.9,67.779,3.1,38.57143,6,2,1,2,1,2,2,21.78381804,-4999,48.07692,25.48077,49.04762,28.84615,51.92308,58.12808
0.344778842,1160164,4,79.492,17363,0,7738.975,0,81.6,664,623,2.5,27.41,0.515,0.119,333.436,21.5,3.163,1.845,0,3.94,1.7,16.5,24.097,2.1,0,3,1,1,1,0,2,0,0,0,0,0,0,0,0,0
50.03331924,10099270,5053,24.718,449964,1.67,46949.283,52590,99,8835,56043,3,10.27,0.282,0.011,133.982,41,19.985,13.433,0.5,4.79,18.8,18.9,0,2.22,67.61905,7,2,2,2,1,2,2,2.08727487,200000,98.07692,96.15385,80.47619,97.59615,98.55769,97.53695
19.41160199,8654618,1680,214.243,41290,4.05,57410.166,80560,99,2154,31217,3,9.71,0.34,0.015,99.739,43.1,18.436,12.644,0,5.59,22.6,28.9,0,4.53,75.2381,7,2,2,2,1,1,2,0.353549558,250000,96.63461,99.51923,95.2381,96.63461,99.03846,99.01478
0.039998498,17500657,7,0,185180,0,3300,0,76.9,25555,187,1,27.76,0.23,0.249,376.264,21.7,0,2.577,0,0,0,0,70.598,1.5,0,0,0,0,0,0,0,0,0,0,1.442308,3.365385,0.952381,3.365385,0.9615384,1.970443
0.029391049,23816775,7,0,35980,0,23400,0,96.1,1234724,446,2,12.56,0.259,0.018,103.957,42.2,0,8.353,0,0,0,0,0,0,0,8,2,2,2,2,2,1,0,0,82.21154,88.46154,75.71429,89.42308,83.17308,78.81773
0.534723362,9537642,51,64.281,143100,-2.86,2896.913,990,99.4,107,5338,2,32.65,0.286,0.234,427.698,23.3,3.466,2.155,4.8,7.11,0,0,72.704,4.8,13.80952,4,2,1,1,0,0,0,4.722523248,-99999,6.25,12.01923,20,12.5,7.692307,4.926108
0.035155732,59734213,21,64.699,945087,-2.06,2683.304,910,78.2,1200000,509,0,37.71,0.172,0.432,217.288,17.7,3.108,1.874,49.1,5.75,3.3,26.7,47.953,0.7,15.2381,4,1,1,1,1,1,0,5.071620081,-199999,39.42308,21.15385,26.19048,29.32692,31.25,34.48276
0.083094582,69799978,58,135.132,514000,0,16277.671,5960,92.6,47620,3146,2,13.87,0.441,0.099,109.861,40.1,11.373,6.89,0.1,7.04,1.9,38.8,90.67,2.1,11.42857,1,1,0,0,0,1,1,2.313758962,97222,40.86538,66.82692,19.52381,59.61538,54.80769,20.19704
0,1318442,0,87.176,0,0,6570.102,1790,0,0,24,0,0,0,0,335.346,18,3.556,1.897,30.3,6.86,6.3,78.1,28.178,5.9,32.38095,0,0,0,0,0,0,0,27.39130435,-50004,38.46154,15.86539,56.66667,21.15385,10.09615,59.60591
0.157028783,8278737,13,143.366,56785,0,1429.813,610,60.9,1448010,555,2,37.01,0.204,0.395,280.033,19.4,2.839,1.525,49.2,6.15,0.9,14.2,10.475,0.7,11.42857,5,2,2,1,0,2,0,1.967629727,-9999,25.48077,12.98077,14.28571,26.92308,29.80769,27.0936
0,105697,0,0,748,0,2200,4010,98.5,144283,0,2,25.37,0.27,0.23,0,0,0,0,0,0,0,0,0,0,60,8,2,2,2,2,2,1,3.096112659,-4833,55.28846,58.65385,79.52381,37.5,64.90385,66.50246
0.571636402,1399491,8,266.886,5128,-10.83,28763.071,0,98.6,24656,123,2,12.9,0.57,0.007,228.467,36.2,10.014,5.819,0,10.97,0,0,89.443,3,0,6,2,1,2,1,2,2,0,0,44.23077,60.57692,54.76191,55.28846,50.48077,67.48769
0.423061309,11818618,50,74.228,163610,-0.57,10849.297,3500,74.2,8005589,1146,3,15.52,0.318,0.132,318.991,32.7,8.001,5.075,2,8.52,1.1,65.8,78.687,2.3,9.047619,2,2,0,0,0,0,0,5.732048654,-20000,56.25,48.55769,16.19048,35.57692,56.25,53.69458
5.815810127,84339067,4905,104.914,780580,0,25129.341,10930,86.5,325000,185245,3,16.62,0.298,0.117,171.285,31.6,8.153,5.061,0.2,12.13,14.1,41.1,0,2.81,3.809524,2,2,0,0,0,0,1,10.80867496,1525002,43.75,53.84615,10,52.40385,42.30769,25.12315
0,6031187,0,0,488100,-0.86,5800,6650,98,0,0,1,27.61,0.38,0.209,0,0,0,0,0,0,0,0,0,0,28.57143,3,1,2,0,0,0,0,9.92393885,-25001,8.173077,14.42308,45.23809,2.884615,6.25,0.9852217
0,38718,0,37.312,430,11.68,9600,0,98,490851,0,2,21.84,0,0,0,0,0,0,0,0,0,0,0,0,0,0,0,0,0,0,0,0,0,0,0,0,0,0,0,0
0,11792,0,0,26,0,1100,4970,0,261004,0,2,22.18,0.272,0.166,0,0,0,0,0,0,0,0,0,0,72.38095,8,2,2,2,2,2,2,1.4,0,58.65385,23.07692,97.61905,30.28846,70.67308,87.68473
0,45741000,0,213.759,236040,0,1697.707,600,69.9,0,755,2,47.35,0.222,0.311,213.333,16.4,2.168,1.308,41.6,2.5,3.4,16.7,21.222,0.5,16.19048,2,1,1,0,0,1,1,5.988870003,-150000,14.42308,29.80769,21.42857,41.82692,43.26923,28.57143
2.252264664,43733759,985,77.39,603700,-0.39,7894.393,2390,99.7,120,34984,3,8.82,0.452,0.187,539.849,41.4,16.462,11.133,0.1,7.11,13.5,47.4,0,8.8,3.809524,4,2,1,1,0,2,0,22.1120578,-100000,18.26923,38.46154,6.190476,44.23077,24.03846,44.82759
3.033244358,9890400,300,112.442,82880,1.03,67293.483,39130,77.9,10270,44145,1,18.96,0.585,0.04,317.84,34,1.144,0.526,0,17.26,1.2,37.4,0,1.2,57.61905,6,2,2,1,1,0,0,6.310088273,301000,83.65385,90.38461,71.42857,79.80769,77.40385,17.73399
62.54750243,67886004,42461,272.898,244820,2.19,39753.244,40530,99,7642,301815,3,10.71,0.237,0.005,122.137,40.8,18.517,12.527,0.2,4.28,20,24.7,0,2.54,41.90476,7,2,1,2,2,2,2,1.963555889,900000,93.26923,87.98077,48.09524,96.15385,91.82692,93.59606
35.98521072,331002647,119112,35.608,9631420,3.41,54225.446,58270,97,0,2220961,3,14.14,0.204,0.01,151.089,38.3,15.413,9.732,1.2,10.79,19.1,24.6,0,2.77,44.28571,6,2,1,2,1,2,2,1.79931713,4500000,88.46154,92.30769,61.90476,92.30769,89.42308,81.28078
5.745860586,104423,6,306.48,0,0,0,0,0,0,74,0,0,0,0,273.67,42.2,18.601,10.799,0,12.26,0,0,0,0,0,0,0,0,0,0,0,0,0,0,0,0,0,0,0,0
0.69090058,3473727,24,19.751,176220,-0.32,20551.409,15250,98,0,853,3,13.91,0.311,0.093,160.708,35.6,14.655,10.361,0.1,6.93,14,19.9,0,2.8,70.95238,7,2,2,2,1,2,1,4.024704852,-15000,87.5,73.07692,87.61905,69.71154,73.55769,89.16256
0.056768613,33469199,19,76.134,447400,-1.72,6253.104,1980,99.3,0,6025,1,26.36,0.229,0.342,724.417,28.2,4.469,2.873,0,7.57,1.3,24.7,0,4,23.33333,3,1,2,0,0,0,0,18.96931298,-44314,12.5,33.65385,35.71429,12.01923,12.98077,6.403941
0,307150,0,0,12200,0,2900,2920,53,0,0,2,22.72,0.12,0.26,0,0,0,0,0,0,0,0,0,0,55.23809,7,2,2,2,1,2,2,2.572095219,604,50.48077,34.61538,75.2381,34.13462,64.42308,66.00985
0.105500282,28435943,30,36.253,912050,-0.04,16745.022,0,93.4,0,3591,2,18.71,0.419,0.04,204.85,29,6.614,3.915,0,6.47,0,0,0,0.8,0,3,2,0,1,0,1,0,0,0,4.807693,4.807693,9.047619,0.4807692,0,10.34483
0,97338583,0,308.127,329560,-0.45,6171.884,2170,90.3,0,349,2,16.86,0.41,0.209,245.465,32.6,7.15,4.718,2,6,1,45.9,85.847,2.6,43.33333,3,2,1,0,0,0,0,4.124919316,-200000,37.98077,53.36538,53.80952,36.53846,54.32692,9.359606
0,11246,0,0,274,0,3700,0,50,0,0,2,0,0,0,0,0,0,0,0,0,0,0,0,0,0,0,0,0,0,0,0,0,0,0,0,0,0,0,0,0
0,597330,0,0,5860,2.98,800,0,0,0,0,3,31.67,0.28,0.09,0,28.4,0,1.38,0,0,0,0,0,0,0,0,0,0,0,0,0,0,0,0,48.55769,20.67308,6.666667,57.21154,33.17308,23.15271
0.841548546,29825968,251,53.508,527970,0,1479.147,0,50.2,0,919,1,42.89,0.472,0.135,495.003,20.3,2.922,1.583,18.8,5.35,7.6,29.2,49.542,0.7,0,0,0,0,0,0,0,0,0,0,0.9615384,0.4807692,0,5.288462,1.923077,3.940887
0.059834782,18383956,11,22.995,752614,0,3689.251,1300,80.6,0,1430,2,41,0.29,0.22,234.499,17.7,2.48,1.542,57.5,3.94,3.1,24.7,13.938,2,38.09524,4,2,1,1,0,1,1,9.238411706,-40000,27.88461,33.17308,53.33333,35.09615,40.86538,35.96059
0.026912599,14862927,4,42.729,390580,0,1899.775,910,90.7,0,479,2,28.01,0.243,0.179,307.846,19.6,2.822,1.882,21.4,1.82,1.6,30.7,36.791,1.7,11.42857,2,1,1,0,0,0,0,3.797826043,-99998,10.09615,10.57692,20.47619,4.326923,8.173077,16.74877
